outcome_name,model_name,target_fraction,selected_population_fraction,selected_rows,treatment_rows,control_rows,treatment_rate,control_rate,cumulative_uplift,cumulative_gain,uplift_ci_lower,uplift_ci_upper,random_gain,gain_above_random,endpoint_gain
conversion,s_learner,0.05,0.050000196727245545,139788.0,121665.0,18123.0,0.04882258661077549,0.035534955581305525,0.013287631029469962,1857.451366347547,0.010332836574585974,0.01624242548435395,164.82219377614612,1692.6291725714009,3296.443875522922
conversion,s_learner,0.1,0.1000000357685901,279575.0,241516.0,38059.0,0.026983719505125955,0.018576420820305316,0.008407298684820638,2350.47052980873,0.006904708029510554,0.009909889340130724,329.64438755229224,2020.8261422564378,3296.443875522922
conversion,s_learner,0.15,0.15000023249583563,419363.0,360279.0,59084.0,0.01892977386969543,0.01259224155439713,0.006337532315298301,2657.7265643404417,0.0053343292825027,0.007340735348093903,494.4665813284383,2163.2599830120034,3296.443875522922
conversion,s_learner,0.2,0.2000000715371802,559150.0,478881.0,80269.0,0.014588175350452409,0.009567828177752308,0.0050203471727001,2807.1271216152613,0.004266142325366945,0.005774552020033256,659.2887751045845,2147.8383465106767,3296.443875522922
conversion,s_learner,0.25,0.25000026826442573,698938.0,597435.0,101503.0,0.011857356867274264,0.007664798084785671,0.004192558782488593,2930.3386503150123,0.003589902518796037,0.004795215046181149,824.1109688807305,2106.2276814342817,3296.443875522922
conversion,s_learner,0.3,0.3000001073057703,838725.0,716277.0,122448.0,0.010004509428614907,0.006394551156409251,0.0036099582722056564,3027.762251855689,0.003107517829970494,0.004112398714440819,988.9331626568766,2038.8290891988127,3296.443875522922
conversion,s_learner,0.35,0.35000030403301585,978513.0,834810.0,143703.0,0.008629508510918652,0.00546961441306027,0.003159894097858382,3091.997453377699,0.002730033105502685,0.003589755090214079,1153.7553564330226,1938.2420969446764,3296.443875522922
conversion,s_learner,0.4,0.4000001430743604,1118300.0,952941.0,165359.0,0.0075870384420441556,0.004777484140566888,0.0028095543014772673,3141.924575342028,0.0024343101911826004,0.0031847984117719342,1318.577550209169,1823.3470251328592,3296.443875522922
conversion,s_learner,0.45,0.4500003398016059,1258088.0,1071360.0,186728.0,0.006771766726403823,0.004241463519129429,0.002530303207274394,3183.344101433428,0.002197131023441255,0.002863475391107533,1483.399743985315,1699.9443574481131,3296.443875522922
conversion,s_learner,0.5,0.5000001788429504,1397875.0,1189895.0,207980.0,0.006115665667979107,0.003808058467160304,0.002307607200818803,3225.7464158445846,0.0020081221048102367,0.0026070922968273696,1648.221937761461,1577.5244780831235,3296.443875522922
conversion,s_learner,0.55,0.5500000178842951,1537662.0,1308389.0,229273.0,0.005577851846813142,0.003476205222594898,0.0021016466242182444,3231.6221514886743,0.0018290176746091054,0.002374275573827383,1813.0441315376072,1418.578019951067,3296.443875522922
conversion,s_learner,0.6,0.6000002146115406,1677450.0,1426863.0,250587.0,0.005128032614203326,0.0031845227406050594,0.0019435098735982662,3260.1406374674116,0.0016937142259273172,0.0021933055212692153,1977.8663253137531,1282.2743121536585,3296.443875522922
conversion,s_learner,0.65,0.6500000536528852,1817237.0,1545569.0,271668.0,0.004740648913118728,0.00294108985968167,0.0017995590534370582,3270.2252955907993,0.0015689243780526534,0.002030193728821463,2142.6885190898993,1127.5367765009,3296.443875522922
conversion,s_learner,0.7,0.7000002503801307,1957025.0,1664212.0,292813.0,0.004408092238248493,0.002728703985137272,0.0016793882531112208,3286.604796044987,0.001465306865043208,0.0018934696411792335,2307.510712866045,979.0940831789417,3296.443875522922
conversion,s_learner,0.75,0.7500000894214752,2096812.0,1782903.0,313909.0,0.004117442171559529,0.002545323644750549,0.0015721185268089805,3296.436992435392,0.001372358559138647,0.001771878494479314,2472.3329066421916,824.1040857932003,3296.443875522922
conversion,s_learner,0.8,0.8000002861487208,2236600.0,1901757.0,334843.0,0.0038622179384642727,0.002392165880726191,0.0014700520577380816,3287.918432336993,0.0012825696800893905,0.0016575344353867726,2637.155100418338,650.7633319186552,3296.443875522922
conversion,s_learner,0.85,0.8500001251900653,2376387.0,2020369.0,356018.0,0.003637454346211014,0.002252695088450584,0.00138475925776043,3290.723898271535,0.001208285602124574,0.0015612329133962858,2801.977294194484,488.74660407705096,3296.443875522922
conversion,s_learner,0.9,0.9000003219173109,2516175.0,2139049.0,377126.0,0.00343937890155859,0.0021319134718900314,0.0013074654296685584,3289.811827496285,0.0011406568053962422,0.0014742740539408746,2966.79948797063,323.0123395256551,3296.443875522922
conversion,s_learner,0.95,0.9500001609586555,2655962.0,2257848.0,398114.0,0.0032628414313098137,0.0020220338897903615,0.0012408075415194521,3295.537679589087,0.001082678910282055,0.0013989361727568493,3131.6216817467757,163.9159978423113,3296.443875522922
conversion,s_learner,1.0,1.0,2795749.0,2376531.0,419218.0,0.003104104259527858,0.0019250127618565998,0.001179091497671258,3296.443875522922,0.0010287331471794628,0.0013294498481630534,3296.443875522922,0.0,3296.443875522922
conversion,t_learner,0.05,0.050000196727245545,139788.0,121801.0,17987.0,0.04484363839377345,0.032579084894646136,0.012264553499127313,1714.437404536009,0.009421653344361144,0.015107453653893483,164.82219377614612,1549.6152107598627,3296.443875522922
conversion,t_learner,0.1,0.1000000357685901,279575.0,241632.0,37943.0,0.02492219573566415,0.01702553830746119,0.007896657428202957,2207.7080004898417,0.006454192400551685,0.00933912245585423,329.64438755229224,1878.0636129375494,3296.443875522922
conversion,t_learner,0.15,0.15000023249583563,419363.0,360573.0,58790.0,0.017497150368996014,0.011549583262459601,0.0059475671065364125,2494.1895844984297,0.004983665636591759,0.006911468576481066,494.4665813284383,1999.7230031699914,3296.443875522922
conversion,t_learner,0.2,0.2000000715371802,559150.0,479035.0,80115.0,0.01351467011804983,0.00874992198714348,0.004764748130906349,2664.208917396285,0.00404170366597547,0.0054877925958372285,659.2887751045845,2004.9201422917004,3296.443875522922
conversion,t_learner,0.25,0.25000026826442573,698938.0,597594.0,101344.0,0.011007473301271432,0.007035443637511841,0.003972029663759591,2776.202469128801,0.003393425522779213,0.004550633804739968,824.1109688807305,1952.0915002480706,3296.443875522922
conversion,t_learner,0.3,0.3000001073057703,838725.0,715951.0,122774.0,0.009275774459425295,0.005872578884780165,0.0034031955746451304,2854.345208344237,0.002921557666904156,0.003884833482386105,988.9331626568766,1865.4120456873607,3296.443875522922
conversion,t_learner,0.35,0.35000030403301585,978513.0,834494.0,144019.0,0.007990470872169243,0.005027114477950826,0.002963356394218417,2899.6827553758458,0.002551161692207125,0.0033755510962297087,1153.7553564330226,1745.9273989428232,3296.443875522922
conversion,t_learner,0.4,0.4000001430743604,1118300.0,952928.0,165372.0,0.007012072265690587,0.004384055341895847,0.00262801692379474,2938.9113258796574,0.002268210599703361,0.002987823247886119,1318.577550209169,1620.3337756704884,3296.443875522922
conversion,t_learner,0.45,0.4500003398016059,1258088.0,1071619.0,186469.0,0.006244756765230926,0.003888045734143477,0.002356711031087449,2964.9498676787466,0.002037285964544268,0.00267613609763063,1483.399743985315,1481.5501236934317,3296.443875522922
conversion,t_learner,0.5,0.5000001788429504,1397875.0,1190345.0,207530.0,0.005631980644266998,0.003498289403941599,0.0021336912403253994,2982.633642569868,0.001846287017165164,0.0024210954634856347,1648.221937761461,1334.4117048084067,3296.443875522922
conversion,t_learner,0.55,0.5500000178842951,1537662.0,1308953.0,228709.0,0.005126234479007267,0.0031787118128276544,0.001947522666179613,2994.631597923076,0.0016863944789823442,0.0022086508533768817,1813.0441315376072,1181.5874663854686,3296.443875522922
conversion,t_learner,0.6,0.6000002146115406,1677450.0,1427734.0,249716.0,0.004706759102185701,0.0029113072450303546,0.0017954518571553467,3011.7807177852364,0.0015561621757676813,0.002034741538543012,1977.8663253137531,1033.9143924714833,3296.443875522922
conversion,t_learner,0.65,0.6500000536528852,1817237.0,1546377.0,270860.0,0.004354694877122461,0.002687735361441335,0.0016669595156811258,3029.260509397822,0.0014460819364512836,0.001887837094910968,2142.6885190898993,886.5719903079225,3296.443875522922
conversion,t_learner,0.7,0.7000002503801307,1957025.0,1665087.0,291938.0,0.004052641093228161,0.002503956319492495,0.0015486847737356665,3030.8148193200427,0.0013433130419642707,0.0017540565055070624,2307.510712866045,723.3041064539975,3296.443875522922
conversion,t_learner,0.75,0.7500000894214752,2096812.0,1783778.0,313034.0,0.0037908304732988075,0.00234159867618214,0.0014492317971166674,3038.766622975794,0.0012573961661687322,0.0016410674280646026,2472.3329066421916,566.4337163336022,3296.443875522922
conversion,t_learner,0.8,0.8000002861487208,2236600.0,1902428.0,334172.0,0.0035612385856389835,0.002202458614126857,0.0013587799715121265,3039.047284284022,0.0011787025276400781,0.0015388574153841748,2637.155100418338,401.8921838656843,3296.443875522922
conversion,t_learner,0.85,0.8500001251900653,2376387.0,2020928.0,355459.0,0.0033598426069607625,0.002079002079002079,0.0012808405279586834,3043.7727797141515,0.0011111755479715256,0.0014505055079458411,2801.977294194484,241.79548551966764,3296.443875522922
conversion,t_learner,0.9,0.9000003219173109,2516175.0,2139474.0,376701.0,0.0031923734525402037,0.0019644227119121,0.0012279507406281038,3089.738954799919,0.0010676174356864202,0.0013882840455697874,2966.79948797063,122.93946682928936,3296.443875522922
conversion,t_learner,0.95,0.9500001609586555,2655962.0,2257895.0,398067.0,0.003041771207252773,0.001864007817779419,0.001177763389473354,3128.0948074324283,0.0010257303917960278,0.0013297963871506803,3131.6216817467757,-3.526874314347424,3296.443875522922
conversion,t_learner,1.0,1.0,2795749.0,2376531.0,419218.0,0.003104104259527858,0.0019250127618565998,0.001179091497671258,3296.443875522922,0.0010287331471794628,0.0013294498481630534,3296.443875522922,0.0,3296.443875522922
conversion,x_learner,0.05,0.050000196727245545,139788.0,121554.0,18234.0,0.04779768662487454,0.034550839091806514,0.013246847533068026,1851.7503229525132,0.010337231180285119,0.016156463885850934,164.82219377614612,1686.928129176367,3296.443875522922
conversion,x_learner,0.1,0.1000000357685901,279575.0,241496.0,38079.0,0.02647248815715374,0.018304052102208566,0.008168436054945175,2283.690510061297,0.006677568586392736,0.009659303523497613,329.64438755229224,1954.0461225090048,3296.443875522922
conversion,x_learner,0.15,0.15000023249583563,419363.0,360381.0,58982.0,0.018402745982723838,0.012393611610321794,0.006009134372402044,2520.0086178136385,0.005014279217408084,0.007003989527396005,494.4665813284383,2025.5420364852002,3296.443875522922
conversion,x_learner,0.2,0.2000000715371802,559150.0,479326.0,79824.0,0.014159465582922687,0.009420725596311887,0.0047387399866108005,2649.666463513429,0.003989764478350142,0.005487715494871459,659.2887751045845,1990.3776884088443,3296.443875522922
conversion,x_learner,0.25,0.25000026826442573,698938.0,597793.0,101145.0,0.011522383166079227,0.007563399080527955,0.003958984085551272,2767.0844187870352,0.0033604244662752587,0.004557543704827286,824.1109688807305,1942.9734499063047,3296.443875522922
conversion,x_learner,0.3,0.3000001073057703,838725.0,716436.0,122289.0,0.00971056730817547,0.006304737139072198,0.0034058301691032716,2856.5549085811417,0.0029074695919977063,0.003904190746208837,988.9331626568766,1867.6217459242653,3296.443875522922
conversion,x_learner,0.35,0.35000030403301585,978513.0,834939.0,143574.0,0.008406602158960115,0.005425773468733893,0.002980828690226222,2916.7796241593314,0.0025533515298539144,0.00340830585059853,1153.7553564330226,1763.0242677263088,3296.443875522922
conversion,x_learner,0.4,0.4000001430743604,1118300.0,953223.0,165077.0,0.007408549730755553,0.004719009916584382,0.002689539814171171,3007.7123741876203,0.0023168046245964228,0.003062275003745919,1318.577550209169,1689.1348239784513,3296.443875522922
conversion,x_learner,0.45,0.4500003398016059,1258088.0,1071698.0,186390.0,0.006621268305063553,0.004195504050646494,0.002425764254417059,3051.8248993110487,0.0020945812148083468,0.0027569472940257712,1483.399743985315,1568.4251553257338,3296.443875522922
conversion,x_learner,0.5,0.5000001788429504,1397875.0,1190303.0,207572.0,0.005982510335603624,0.003772185073131251,0.002210325262472373,3089.758426278568,0.0019124344675835367,0.002508216057361209,1648.221937761461,1441.536488517107,3296.443875522922
conversion,x_learner,0.55,0.5500000178842951,1537662.0,1308390.0,229272.0,0.005452502694150827,0.00341951917373251,0.002032983520418317,3126.04150597347,0.0017627621485490706,0.002303204892287563,1813.0441315376072,1312.9973744358629,3296.443875522922
conversion,x_learner,0.6,0.6000002146115406,1677450.0,1426686.0,250764.0,0.005014418028914561,0.00313043339554322,0.0018839846333713415,3160.290023248757,0.001636519393215879,0.002131449873526804,1977.8663253137531,1182.4236979350037,3296.443875522922
conversion,x_learner,0.65,0.6500000536528852,1817237.0,1545377.0,271860.0,0.004633820744064394,0.002898550724637681,0.0017352700194267125,3153.3968842929407,0.0015065695944274124,0.0019639704444260127,2142.6885190898993,1010.7083652030415,3296.443875522922
conversion,x_learner,0.7,0.7000002503801307,1957025.0,1664297.0,292728.0,0.004306322729657026,0.0026919187778415457,0.0016144039518154805,3159.4288938016907,0.0014019710857670921,0.001826836817863869,2307.510712866045,851.9181809356455,3296.443875522922
conversion,x_learner,0.75,0.7500000894214752,2096812.0,1782929.0,313883.0,0.004029324779618257,0.0025104895773265835,0.0015188352022916735,3184.7118781876084,0.0013206080123982632,0.0017170623921850838,2472.3329066421916,712.3789715454168,3296.443875522922
conversion,x_learner,0.8,0.8000002861487208,2236600.0,1901614.0,334986.0,0.0037825762746803507,0.0023523371125957503,0.0014302391620846003,3198.872909918417,0.0012444319657109962,0.0016160463584582044,2637.155100418338,561.717809500079,3296.443875522922
conversion,x_learner,0.85,0.8500001251900653,2376387.0,2020296.0,356091.0,0.0035613593255641746,0.0022241505682536206,0.001337208757310554,3177.7255071589557,0.001162028779262821,0.001512388735358287,2801.977294194484,375.7482129644718,3296.443875522922
conversion,x_learner,0.9,0.9000003219173109,2516175.0,2138915.0,377260.0,0.0033666601992131525,0.0020993479298096803,0.0012673122694034722,3188.7794494662817,0.0011019100422943837,0.0014327144965125607,2966.79948797063,221.97996149565188,3296.443875522922
conversion,x_learner,0.95,0.9500001609586555,2655962.0,2257844.0,398118.0,0.0031915402481305175,0.001991871756614873,0.0011996684915156447,3186.2739260628746,0.0010428434842950872,0.0013564934987362021,3131.6216817467757,54.65224431609886,3296.443875522922
conversion,x_learner,1.0,1.0,2795749.0,2376531.0,419218.0,0.003104104259527858,0.0019250127618565998,0.001179091497671258,3296.443875522922,0.0010287331471794628,0.0013294498481630534,3296.443875522922,0.0,3296.443875522922
conversion,response_propensity,0.05,0.050000196727245545,139788.0,121326.0,18462.0,0.04914857491386842,0.0350449572094031,0.014103617704465318,1971.5165116717978,0.01118538778353622,0.017021847625394416,164.82219377614612,1806.6943178956517,3296.443875522922
conversion,response_propensity,0.1,0.1000000357685901,279575.0,241247.0,38328.0,0.027196193113282238,0.018472135253600502,0.008724057859681736,2439.028476120521,0.007227907980053352,0.010220207739310119,329.64438755229224,2109.384088568229,3296.443875522922
conversion,response_propensity,0.15,0.15000023249583563,419363.0,360086.0,59277.0,0.018976022394650165,0.012669332118696966,0.0063066902759532,2644.7925541945615,0.005302083515202586,0.007311297036703813,494.4665813284383,2150.3259728661233,3296.443875522922
conversion,response_propensity,0.2,0.2000000715371802,559150.0,479000.0,80150.0,0.014615866388308977,0.009569557080474111,0.005046309307834866,2821.6438494758654,0.004291480516832005,0.005801138098837727,659.2887751045845,2162.355074371281,3296.443875522922
conversion,response_propensity,0.25,0.25000026826442573,698938.0,597708.0,101230.0,0.011866998601323724,0.007675590240047417,0.004191408361276306,2929.534577213739,0.003587752651489691,0.004795064071062922,824.1109688807305,2105.4236083330084,3296.443875522922
conversion,response_propensity,0.3,0.3000001073057703,838725.0,716274.0,122451.0,0.010007343558470641,0.006402561024409764,0.003604782534060877,3023.421230880209,0.003102085112472138,0.004107479955649616,988.9331626568766,2034.4880682233324,3296.443875522922
conversion,response_propensity,0.35,0.35000030403301585,978513.0,834875.0,143638.0,0.008631232220392275,0.005486013450479678,0.0031452187699125963,3077.637454203484,0.002714771587234029,0.0035756659525911635,1153.7553564330226,1923.8820977704615,3296.443875522922
conversion,response_propensity,0.4,0.4000001430743604,1118300.0,953134.0,165166.0,0.007590747995559911,0.004777012218010971,0.0028137357775489397,3146.600720032979,0.002438322780103041,0.0031891487749948384,1318.577550209169,1828.0231698238101,3296.443875522922
conversion,response_propensity,0.45,0.4500003398016059,1258088.0,1071570.0,186518.0,0.006772306055600661,0.004246238968893082,0.0025260670867075785,3178.014688981764,0.0021926060994882745,0.0028595280739268825,1483.399743985315,1694.614944996449,3296.443875522922
conversion,response_propensity,0.5,0.5000001788429504,1397875.0,1189961.0,207914.0,0.0061153264686825875,0.003814076974133536,0.0023012494945490515,3216.8591371927555,0.002001546730731612,0.002600952258366491,1648.221937761461,1568.6371994312944,3296.443875522922
conversion,response_propensity,0.55,0.5500000178842951,1537662.0,1308281.0,229381.0,0.005579841028036026,0.0034614898356882216,0.0021183511923478044,3257.3081311279097,0.0018462085705137085,0.0023904938141819003,1813.0441315376072,1444.2639995903025,3296.443875522922
conversion,response_propensity,0.6,0.6000002146115406,1677450.0,1426808.0,250642.0,0.005126828557170972,0.003179834185810838,0.0019469943713601337,3265.9857082380563,0.0016973684382497172,0.00219662030447055,1977.8663253137531,1288.1193829243032,3296.443875522922
conversion,response_propensity,0.65,0.6500000536528852,1817237.0,1545444.0,271793.0,0.004740385287334902,0.0029397372264922204,0.0018006480608426818,3272.2042801415723,0.0015700952963812109,0.0020312008253041526,2142.6885190898993,1129.515761051673,3296.443875522922
conversion,response_propensity,0.7,0.7000002503801307,1957025.0,1664471.0,292554.0,0.004405603942634026,0.0027311197249054874,0.0016744842177285383,3277.0074762001927,0.0014602723470168446,0.001888696088440232,2307.510712866045,969.4967633341475,3296.443875522922
conversion,response_propensity,0.75,0.7500000894214752,2096812.0,1783285.0,313527.0,0.004117120931314961,0.0025516143745195788,0.0015655065567953823,3282.572934367239,0.001365466550827858,0.0017655465627629066,2472.3329066421916,810.2400277250476,3296.443875522922
conversion,response_propensity,0.8,0.8000002861487208,2236600.0,1901900.0,334700.0,0.003864030706135969,0.002396175679713176,0.0014678550264227933,3283.0045520972194,0.00128021124301038,0.0016554988098352067,2637.155100418338,645.8494516788815,3296.443875522922
conversion,response_propensity,0.85,0.8500001251900653,2376387.0,2020713.0,355674.0,0.0036407941157403354,0.0022576854085482774,0.001383108707192058,3286.801551358013,0.0012064021942413178,0.0015598152201427983,2801.977294194484,484.8242571635292,3296.443875522922
conversion,response_propensity,0.9,0.9000003219173109,2516175.0,2139145.0,377030.0,0.0034415619324543218,0.0021298039943771054,0.0013117579380772164,3300.61252984144,0.0011449860866139905,0.0014785297895404423,2966.79948797063,333.81304187081014,3296.443875522922
conversion,response_propensity,0.95,0.9500001609586555,2655962.0,2257779.0,398183.0,0.003264712799614134,0.0020191720892152602,0.0012455407103988737,3308.108796272413,0.001087499182225546,0.0014035822385722013,3131.6216817467757,176.48711452563748,3296.443875522922
conversion,response_propensity,1.0,1.0,2795749.0,2376531.0,419218.0,0.003104104259527858,0.0019250127618565998,0.001179091497671258,3296.443875522922,0.0010287331471794628,0.0013294498481630534,3296.443875522922,0.0,3296.443875522922
conversion,constant_ate,0.05,0.050000196727245545,139788.0,118998.0,20790.0,0.003042067933914856,0.001443001443001443,0.001599066490913413,223.53030663180417,0.0009956186273693088,0.002202514354457517,164.82219377614612,58.708112855658044,3296.443875522922
conversion,constant_ate,0.1,0.1000000357685901,279575.0,237900.0,41675.0,0.002959226565783943,0.0017036592681463707,0.0012555672976375721,351.02522723702424,0.0008034475596567347,0.0017076870356184095,329.64438755229224,21.380839684731995,3296.443875522922
conversion,constant_ate,0.15,0.15000023249583563,419363.0,356751.0,62612.0,0.0029852754442173954,0.001740880342426372,0.0012443951017910234,521.8532630723889,0.0008720079883138783,0.0016167822152681685,494.4665813284383,27.386681743950646,3296.443875522922
conversion,constant_ate,0.2,0.2000000715371802,559150.0,475583.0,83567.0,0.003023657279591575,0.001830866251032106,0.0011927910285594691,666.9491036190271,0.000863613825509521,0.0015219682316094173,659.2887751045845,7.660328514442654,3296.443875522922
conversion,constant_ate,0.25,0.25000026826442573,698938.0,594485.0,104453.0,0.0030547448632009216,0.001847720984557648,0.0012070238786432736,843.6348556911723,0.0009112083178641451,0.001502839439422402,824.1109688807305,19.52388681044181,3296.443875522922
conversion,constant_ate,0.3,0.3000001073057703,838725.0,713337.0,125388.0,0.003053255333734266,0.0019060835167639646,0.0011471718169703013,962.161682188416,0.0008739013739981909,0.0014204422599424118,988.9331626568766,-26.771480468460595,3296.443875522922
conversion,constant_ate,0.35,0.35000030403301585,978513.0,832069.0,146444.0,0.0030778697439755595,0.0018710223703258583,0.0012068473736497013,1180.9158441320901,0.000955542587853234,0.0014581521594461686,1153.7553564330226,27.160487699067517,3296.443875522922
conversion,constant_ate,0.4,0.4000001430743604,1118300.0,951091.0,167209.0,0.003061746983201397,0.0019137725840116262,0.001147974399189771,1283.7797706139208,0.000910884963427406,0.001385063834952136,1318.577550209169,-34.79777959524813,3296.443875522922
conversion,constant_ate,0.45,0.4500003398016059,1258088.0,1070056.0,188032.0,0.003053111239037957,0.0019039312457454051,0.0011491799932925517,1445.7695594014397,0.000926132936504915,0.0013722270500801884,1483.399743985315,-37.630184583875234,3296.443875522922
conversion,constant_ate,0.5,0.5000001788429504,1397875.0,1188735.0,209140.0,0.003079744434209475,0.001883905517834943,0.0011958389163745319,1671.6333252270488,0.000984983829134899,0.0014066940036141647,1648.221937761461,23.411387465587723,3296.443875522922
conversion,constant_ate,0.55,0.5500000178842951,1537662.0,1307459.0,230203.0,0.003097611473858836,0.0018809485541022488,0.0012166629197565872,1870.8163385187534,0.001015660970856976,0.0014176648686561983,1813.0441315376072,57.772206981146155,3296.443875522922
conversion,constant_ate,0.6,0.6000002146115406,1677450.0,1426089.0,251361.0,0.003092373617635365,0.0018698206961302668,0.0012225529215050982,2050.771398178727,0.0010306505181438854,0.001414455324866311,1977.8663253137531,72.90507286497382,3296.443875522922
conversion,constant_ate,0.65,0.6500000536528852,1817237.0,1544761.0,272476.0,0.0030865616105015597,0.0018790645781646823,0.0012074970323368774,2194.30828455277,0.0010228520398596218,0.001392142024814133,2142.6885190898993,51.61976546287087,3296.443875522922
conversion,constant_ate,0.7,0.7000002503801307,1957025.0,1663717.0,293308.0,0.0030912709312942046,0.0018887994872284425,0.0012024714440657621,2353.266677822798,0.001024127759889123,0.0013808151282424012,2307.510712866045,45.755964956752905,3296.443875522922
conversion,constant_ate,0.75,0.7500000894214752,2096812.0,1782679.0,314133.0,0.0030919756164738575,0.0019036522746734663,0.0011883233418003912,2491.6906429671617,0.0010154730137035832,0.0013611736698971992,2472.3329066421916,19.35773632497012,3296.443875522922
conversion,constant_ate,0.8,0.8000002861487208,2236600.0,1901665.0,334935.0,0.003099915074421625,0.0019018615552271337,0.0011980535191944914,2679.566501030399,0.0010306795528894626,0.0013654274854995201,2637.155100418338,42.41140061206124,3296.443875522922
conversion,constant_ate,0.85,0.8500001251900653,2376387.0,2020560.0,355827.0,0.0031075543413707093,0.0018941789127862698,0.0012133754285844395,2883.4495946074903,0.0010512019583977079,0.001375548898771171,2801.977294194484,81.47230041300645,3296.443875522922
conversion,constant_ate,0.9,0.9000003219173109,2516175.0,2139272.0,376903.0,0.0031019898357946066,0.001907652632109588,0.0011943372036850187,3005.161413482152,0.001036353203811053,0.0013523212035589844,2966.79948797063,38.36192551152226,3296.443875522922
conversion,constant_ate,0.95,0.9500001609586555,2655962.0,2257899.0,398063.0,0.0031095279283971516,0.0019167820169169202,0.0011927459114802314,3167.887816546858,0.0010386805440969265,0.0013468112788635363,3131.6216817467757,36.266134800082455,3296.443875522922
conversion,constant_ate,1.0,1.0,2795749.0,2376531.0,419218.0,0.003104104259527858,0.0019250127618565998,0.001179091497671258,3296.443875522922,0.0010287331471794628,0.0013294498481630534,3296.443875522922,0.0,3296.443875522922
conversion,segment_uplift,0.05,0.050000196727245545,139788.0,119911.0,19877.0,0.02066532678403149,0.013885395180359209,0.006779931603672282,947.7530790141409,0.004964827686666612,0.008595035520677951,164.82219377614612,782.9308852379947,3296.443875522922
conversion,segment_uplift,0.1,0.1000000357685901,279575.0,239684.0,39891.0,0.020802389813254118,0.01346168308641047,0.007340706726843648,2052.278083157313,0.0060736778574757505,0.008607735596211547,329.64438755229224,1722.6336956050209,3296.443875522922
conversion,segment_uplift,0.15,0.15000023249583563,419363.0,359354.0,60009.0,0.0177707775619584,0.011464946924627973,0.006305830637330428,2644.4320535628003,0.005350789885230561,0.007260871389430296,494.4665813284383,2149.965472234362,3296.443875522922
conversion,segment_uplift,0.2,0.2000000715371802,559150.0,478111.0,81039.0,0.013971650934615602,0.008872271375510556,0.005099379559105046,2851.3180804735866,0.004373069496379425,0.005825689621830668,659.2887751045845,2192.029305369002,3296.443875522922
conversion,segment_uplift,0.25,0.25000026826442573,698938.0,596951.0,101987.0,0.011649197337804945,0.007481345661701982,0.004167851676102964,2913.069914792053,0.0035730607577168297,0.004762642594489098,824.1109688807305,2088.9589459113226,3296.443875522922
conversion,segment_uplift,0.3,0.3000001073057703,838725.0,715439.0,123286.0,0.009842907641322321,0.006253751439741739,0.0035891562015805826,3010.315035170674,0.003093200975206343,0.0040851114279548215,988.9331626568766,2021.3818725137976,3296.443875522922
conversion,segment_uplift,0.35,0.35000030403301585,978513.0,833912.0,144601.0,0.00856085534205048,0.005428731474886065,0.0031321238671644155,3064.823921630654,0.0027048830167378797,0.0035593647175909513,1153.7553564330226,1911.0685651976312,3296.443875522922
conversion,segment_uplift,0.4,0.4000001430743604,1118300.0,952207.0,166093.0,0.007543527825357301,0.0047443299838042545,0.0027991978415530467,3130.342946208772,0.0024258199698564374,0.003172575713249656,1318.577550209169,1811.765395999603,3296.443875522922
conversion,segment_uplift,0.45,0.4500003398016059,1258088.0,1070509.0,187579.0,0.006748191748037616,0.004206227776030366,0.0025419639720072502,3198.0143696146574,0.002210558279856699,0.0028733696641578014,1483.399743985315,1714.6146256293425,3296.443875522922
conversion,segment_uplift,0.5,0.5000001788429504,1397875.0,1189152.0,208723.0,0.006099304378246011,0.003799293800874844,0.002300010577371167,3215.1272858427196,0.0020012768035767006,0.002598744351165633,1648.221937761461,1566.9053480812586,3296.443875522922
conversion,segment_uplift,0.55,0.5500000178842951,1537662.0,1308027.0,229635.0,0.00555340218512309,0.00347072528142487,0.0020826769036982203,3202.453133094413,0.001810505056779282,0.0023548487506171584,1813.0441315376072,1389.4090015568056,3296.443875522922
conversion,segment_uplift,0.6,0.6000002146115406,1677450.0,1426784.0,250666.0,0.005103084979926884,0.0031875084774161634,0.001915576502510721,3213.283804136609,0.0016658521087128519,0.00216530089630859,1977.8663253137531,1235.4174788228559,3296.443875522922
conversion,segment_uplift,0.65,0.6500000536528852,1817237.0,1545542.0,271695.0,0.004717438930808739,0.00294079758552789,0.0017766413452808493,3228.5783883741346,0.001546147990594038,0.0020071346999676605,2142.6885190898993,1085.8898692842354,3296.443875522922
conversion,segment_uplift,0.7,0.7000002503801307,1957025.0,1664358.0,292667.0,0.004386075591909914,0.002733482080316537,0.001652593511593377,3234.1668170260286,0.0014384445778118078,0.0018667424453749461,2307.510712866045,926.6561041599834,3296.443875522922
conversion,segment_uplift,0.75,0.7500000894214752,2096812.0,1783077.0,313735.0,0.004099093869754363,0.0025531101088498253,0.0015459837609045376,3241.6373016697653,0.0013460436136108764,0.0017459239081981989,2472.3329066421916,769.3043950275737,3296.443875522922
conversion,segment_uplift,0.8,0.8000002861487208,2236600.0,1901682.0,334918.0,0.003847646451930449,0.002397601801037866,0.001450044650892583,3243.169866186351,0.0012624902319373888,0.0016375990698477773,2637.155100418338,606.0147657680131,3296.443875522922
conversion,segment_uplift,0.85,0.8500001251900653,2376387.0,2020614.0,355773.0,0.0036320643131246247,0.0022598679495071296,0.001372196363617495,3260.869599947888,0.0011954882899387256,0.0015489044372962646,2801.977294194484,458.89230575340434,3296.443875522922
conversion,segment_uplift,0.9,0.9000003219173109,2516175.0,2139559.0,376616.0,0.0034371569094378794,0.0021374556577521933,0.001299701251685686,3270.275796960231,0.0011326523943304063,0.0014667501090409659,2966.79948797063,303.4763089896014,3296.443875522922
conversion,segment_uplift,0.95,0.9500001609586555,2655962.0,2257982.0,397980.0,0.0032635335445543854,0.0020252273983617265,0.0012383061461926589,3288.894068654147,0.0010800570965241577,0.00139655519586116,3131.6216817467757,157.27238690737113,3296.443875522922
conversion,segment_uplift,1.0,1.0,2795749.0,2376531.0,419218.0,0.003104104259527858,0.0019250127618565998,0.001179091497671258,3296.443875522922,0.0010287331471794628,0.0013294498481630534,3296.443875522922,0.0,3296.443875522922
