outcome_name,model_name,target_fraction,selected_population_fraction,selected_rows,treatment_rows,control_rows,treatment_rate,control_rate,cumulative_uplift,cumulative_gain,uplift_ci_lower,uplift_ci_upper,random_gain,gain_above_random,endpoint_gain,gain_above_response,incremental_gain_ci_lower,incremental_gain_ci_upper,gain_above_response_ci_lower,gain_above_response_ci_upper,analysis_status
visit,s_learner,0.05,0.050000196727245545,139788.0,122614.0,17174.0,0.3685549774087788,0.2732036799813672,0.09535129742741161,13328.967164783015,0.08816064138995444,0.10254195346486877,1444.6658759020584,11884.301288880957,28893.317518041164,5399.7498197394025,,,,,exploratory_completion_requested_after_initial_test_review
visit,s_learner,0.1,0.1000000357685901,279575.0,242346.0,37229.0,0.2912282439157238,0.22713476053614118,0.0640934833795826,17918.935615846804,0.05946904895594797,0.06871791780321722,2889.3317518041167,15029.603864042687,28893.317518041164,3805.2293306000247,16656.539736762723,19419.880928738537,2867.561457434699,4855.370621543783,exploratory_completion_requested_after_initial_test_review
visit,s_learner,0.2,0.2000000715371802,559150.0,479604.0,79546.0,0.2069415601204327,0.1672239961783119,0.03971756394212078,22208.075878236836,0.03688212597337988,0.042553001910861685,5778.663503608233,16429.412374628602,28893.317518041164,565.7058167510841,20769.684582855207,24040.427803231694,-32.698448299267774,1107.0834901420567,exploratory_completion_requested_after_initial_test_review
visit,s_learner,0.3,0.3000001073057703,838725.0,716514.0,122211.0,0.1514638932386527,0.12193665054700477,0.02952724269164793,24765.23662655241,0.027513658216972423,0.031540827166323435,8667.995255412348,16097.241371140062,28893.317518041164,520.5693671880654,23315.2071914415,26510.166356002843,23.983084434124557,1020.1259437706067,exploratory_completion_requested_after_initial_test_review
visit,s_learner,0.4,0.4000001430743604,1118300.0,953612.0,164688.0,0.11687562656510195,0.09351622461867289,0.023359401946429062,26122.81919669162,0.021812428821191242,0.024906375071666882,11557.327007216467,14565.492189475153,28893.317518041164,-47.716606256741215,,,,,exploratory_completion_requested_after_initial_test_review
visit,s_learner,0.5,0.5000001788429504,1397875.0,1190297.0,207578.0,0.09477466548264844,0.07521028239986896,0.019564383082779482,27348.562001840368,0.018313764684640986,0.02081500148091798,14446.658759020582,12901.903242819786,28893.317518041164,-279.0926163392287,,,,,exploratory_completion_requested_after_initial_test_review
visit,s_learner,0.75,0.7500000894214752,2096812.0,1782819.0,313993.0,0.06401603303532215,0.050259082208839054,0.013756950826483094,28845.73957637967,0.012912508324985692,0.014601393327980496,21669.988138530873,7175.751437848798,28893.317518041164,119.0767441695607,,,,,exploratory_completion_requested_after_initial_test_review
visit,s_learner,1.0,1.0,2795749.0,2376531.0,419218.0,0.048632229076750945,0.03829749676779146,0.010334732308959482,28893.317518041164,0.009692640491515359,0.010976824126403606,28893.317518041164,0.0,28893.317518041164,0.0,,,,,exploratory_completion_requested_after_initial_test_review
visit,t_learner,0.05,0.050000196727245545,139788.0,122435.0,17353.0,0.37338996202066405,0.2841007318619259,0.08928923015873813,12481.562905429686,0.08205285611935452,0.09652560419812174,1444.6658759020584,11036.897029527627,28893.317518041164,4552.345560386074,,,,,exploratory_completion_requested_after_initial_test_review
visit,t_learner,0.1,0.1000000357685901,279575.0,241902.0,37673.0,0.2884763251233971,0.2273776975552783,0.06109862756811879,17081.648802356813,0.05649720760607592,0.06570004753016166,2889.3317518041167,14192.317050552696,28893.317518041164,2967.942517110034,15603.851611724778,18307.77387278257,1718.9543275425003,3956.1100315020844,exploratory_completion_requested_after_initial_test_review
visit,t_learner,0.2,0.2000000715371802,559150.0,479274.0,79876.0,0.18213798370034678,0.14238319395062346,0.039754789749723324,22228.890688557796,0.03709648420824248,0.04241309529120417,5778.663503608233,16450.227184949563,28893.317518041164,586.5206270720446,20810.305601179993,24007.531556538055,-277.2980644974149,1428.2341224435092,exploratory_completion_requested_after_initial_test_review
visit,t_learner,0.3,0.3000001073057703,838725.0,716500.0,122225.0,0.12907466852756455,0.09946410308856617,0.029610565438998385,24835.12149782392,0.027761818847662385,0.031459312030334384,8667.995255412348,16167.12624241157,28893.317518041164,590.4542384595734,23303.827133977138,26780.931971137226,-214.28615370256318,1594.0625317433964,exploratory_completion_requested_after_initial_test_review
visit,t_learner,0.4,0.4000001430743604,1118300.0,953149.0,165151.0,0.09903488331834792,0.07548243728466676,0.02355244603368116,26338.70039946564,0.02214431789344228,0.02496057417392004,11557.327007216467,14781.373392249174,28893.317518041164,168.16459651727928,,,,,exploratory_completion_requested_after_initial_test_review
visit,t_learner,0.5,0.5000001788429504,1397875.0,1190573.0,207302.0,0.08003877124712218,0.060703707634272706,0.019335063612849472,27028.002047811955,0.01819744333562995,0.020472683890068993,14446.658759020582,12581.343288791373,28893.317518041164,-599.6525703676416,,,,,exploratory_completion_requested_after_initial_test_review
visit,t_learner,0.75,0.7500000894214752,2096812.0,1783807.0,313005.0,0.05399519118379959,0.04071180971549975,0.01328338146829984,27852.753663308726,0.012515716999857256,0.014051045936742425,21669.988138530873,6182.765524777853,28893.317518041164,-873.909168901384,,,,,exploratory_completion_requested_after_initial_test_review
visit,t_learner,1.0,1.0,2795749.0,2376531.0,419218.0,0.048632229076750945,0.03829749676779146,0.010334732308959482,28893.317518041164,0.009692640491515359,0.010976824126403606,28893.317518041164,0.0,28893.317518041164,0.0,,,,,exploratory_completion_requested_after_initial_test_review
visit,x_learner,0.05,0.050000196727245545,139788.0,122726.0,17062.0,0.361716343725046,0.2656195053334896,0.09609683839155642,13433.184845078888,0.08894525060104792,0.10324842618206491,1444.6658759020584,11988.518969176828,28893.317518041164,5503.967500035275,,,,,exploratory_completion_requested_after_initial_test_review
visit,x_learner,0.1,0.1000000357685901,279575.0,242348.0,37227.0,0.28973624704969714,0.2267708920944476,0.06296535495524955,17603.539111613893,0.05834410779849168,0.06758660211200741,2889.3317518041167,14714.207359809776,28893.317518041164,3489.8328263671137,16305.499878838102,18990.338915909462,2493.286534111327,4386.923480062371,exploratory_completion_requested_after_initial_test_review
visit,x_learner,0.2,0.2000000715371802,559150.0,479609.0,79541.0,0.19923938041196057,0.1596032234948014,0.03963615691715916,22162.557140229543,0.03685124678270896,0.04242106705160936,5778.663503608233,16383.89363662131,28893.317518041164,520.1870787437911,20434.341478796323,23787.98444480653,-283.45886969272783,1180.7582142219298,exploratory_completion_requested_after_initial_test_review
visit,x_learner,0.3,0.3000001073057703,838725.0,716697.0,122028.0,0.14379437893558925,0.11400662143114695,0.02978775750444229,24983.736912913362,0.0278282460990696,0.03174726890981498,8667.995255412348,16315.741657501014,28893.317518041164,739.069653549017,23488.880856227486,27023.013482442646,97.19126650930976,1300.8845769777677,exploratory_completion_requested_after_initial_test_review
visit,x_learner,0.4,0.4000001430743604,1118300.0,953478.0,164822.0,0.11161348242958935,0.0879554913785781,0.023657991051011254,26456.731392345886,0.022151625564723762,0.025164356537298746,11557.327007216467,14899.40438512942,28893.317518041164,286.1955893975246,,,,,exploratory_completion_requested_after_initial_test_review
visit,x_learner,0.5,0.5000001788429504,1397875.0,1190194.0,207681.0,0.09047012503843911,0.07073348067468858,0.019736644363750527,27589.36173997777,0.018519520516477844,0.02095376821102321,14446.658759020582,13142.702980957187,28893.317518041164,-38.29287820182799,,,,,exploratory_completion_requested_after_initial_test_review
visit,x_learner,0.75,0.7500000894214752,2096812.0,1783276.0,313536.0,0.06120028531758404,0.0474267707695448,0.01377351454803924,28880.470586503256,0.012950542242373181,0.014596486853705298,21669.988138530873,7210.482447972383,28893.317518041164,153.807754293146,,,,,exploratory_completion_requested_after_initial_test_review
visit,x_learner,1.0,1.0,2795749.0,2376531.0,419218.0,0.048632229076750945,0.03829749676779146,0.010334732308959482,28893.317518041164,0.009692640491515359,0.010976824126403606,28893.317518041164,0.0,28893.317518041164,0.0,,,,,exploratory_completion_requested_after_initial_test_review
visit,response_propensity,0.05,0.050000196727245545,139788.0,120876.0,18912.0,0.5235696085244382,0.4668464467005076,0.05672316182393061,7929.217345043612,0.049075624491867545,0.06437069915599368,1444.6658759020584,6484.551469141554,28893.317518041164,0.0,,,,,exploratory_completion_requested_after_initial_test_review
visit,response_propensity,0.1,0.1000000357685901,279575.0,240713.0,38862.0,0.37393493496404434,0.323452215531882,0.050482719432162315,14113.706285246779,0.04544613358209472,0.05551930528222991,2889.3317518041167,11224.374533442662,28893.317518041164,0.0,12584.527897149463,15750.670702785685,0.0,0.0,exploratory_completion_requested_after_initial_test_review
visit,response_propensity,0.2,0.2000000715371802,559150.0,478795.0,80355.0,0.22316231372508066,0.18445647439487275,0.03870583933020791,21642.37006148575,0.03577625131528956,0.04163542734512626,5778.663503608233,15863.706557877518,28893.317518041164,0.0,20059.999493255706,23338.959386056515,0.0,0.0,exploratory_completion_requested_after_initial_test_review
visit,response_propensity,0.3,0.3000001073057703,838725.0,716282.0,122443.0,0.15555325974965167,0.12664668457976364,0.028906575169888038,24244.667259364345,0.02686339043921575,0.030949759900560325,8667.995255412348,15576.672003951997,28893.317518041164,0.0,22591.585068610944,26158.403633970738,0.0,0.0,exploratory_completion_requested_after_initial_test_review
visit,response_propensity,0.4,0.4000001430743604,1118300.0,953132.0,165168.0,0.118904831649761,0.09550276082534147,0.02340207082441953,26170.53580294836,0.021842805485688722,0.024961336163150338,11557.327007216467,14613.208795731894,28893.317518041164,0.0,,,,,exploratory_completion_requested_after_initial_test_review
visit,response_propensity,0.5,0.5000001788429504,1397875.0,1189600.0,208275.0,0.09610541358439811,0.07634137558516385,0.019764037999234263,27627.654618179597,0.018506628585199948,0.021021447413268578,14446.658759020582,13180.995859159015,28893.317518041164,0.0,,,,,exploratory_completion_requested_after_initial_test_review
visit,response_propensity,0.75,0.7500000894214752,2096812.0,1782659.0,314153.0,0.06465622421338013,0.05095606281015938,0.01370016140322075,28726.66283221011,0.012850656023564277,0.014549666782877224,21669.988138530873,7056.674693679237,28893.317518041164,0.0,,,,,exploratory_completion_requested_after_initial_test_review
visit,response_propensity,1.0,1.0,2795749.0,2376531.0,419218.0,0.048632229076750945,0.03829749676779146,0.010334732308959482,28893.317518041164,0.009692640491515359,0.010976824126403606,28893.317518041164,0.0,28893.317518041164,0.0,,,,,exploratory_completion_requested_after_initial_test_review
visit,constant_ate,0.05,0.050000196727245545,139788.0,118998.0,20790.0,0.0488747710045547,0.03727753727753728,0.011597233727017424,1621.1541082323117,0.008745599787919221,0.014448867666115627,1444.6658759020584,176.48823233025337,28893.317518041164,-6308.0632368113,,,,,exploratory_completion_requested_after_initial_test_review
visit,constant_ate,0.1,0.1000000357685901,279575.0,237900.0,41675.0,0.048743169398907105,0.03839232153569286,0.010350847863214246,2893.838291358123,0.008313271697730773,0.01238842402869772,2889.3317518041167,4.506539554006395,28893.317518041164,-11219.867993888656,2295.404059913859,3475.1163590210717,-12652.03363454414,-9614.257075716821,exploratory_completion_requested_after_initial_test_review
visit,constant_ate,0.2,0.2000000715371802,559150.0,475583.0,83567.0,0.04887474951796006,0.038651620855122235,0.010223128662837824,5716.26239182577,0.008779670605021779,0.01166658672065387,5778.663503608233,-62.401111782463886,28893.317518041164,-15926.107669659981,4986.082502313102,6517.9976851147385,-17343.24871305421,-14289.783463220934,exploratory_completion_requested_after_initial_test_review
visit,constant_ate,0.3,0.3000001073057703,838725.0,713337.0,125388.0,0.04878199224209595,0.038313076211439694,0.010468916030656257,8780.54159781217,0.009294737285599153,0.011643094775713361,8667.995255412348,112.54634239982079,28893.317518041164,-15464.125661552176,7962.92505180875,9749.32916620927,-17148.759780454417,-13857.655221632529,exploratory_completion_requested_after_initial_test_review
visit,constant_ate,0.4,0.4000001430743604,1118300.0,951091.0,167209.0,0.04868724443822936,0.03837712084875814,0.01031012358947122,11529.811210105665,0.009292816715006239,0.0113274304639362,11557.327007216467,-27.51579711080194,28893.317518041164,-14640.724592842696,,,,,exploratory_completion_requested_after_initial_test_review
visit,constant_ate,0.5,0.5000001788429504,1397875.0,1188735.0,209140.0,0.04869882690423013,0.038074973701826526,0.010623853202403603,14850.818795309937,0.00971696977502474,0.011530736629782467,14446.658759020582,404.16003628935505,28893.317518041164,-12776.83582286966,,,,,exploratory_completion_requested_after_initial_test_review
visit,constant_ate,0.75,0.7500000894214752,2096812.0,1782679.0,314133.0,0.04857969382036811,0.03830224777403202,0.01027744604633609,21549.87219931007,0.009535794673021654,0.011019097419650526,21669.988138530873,-120.11593922080283,28893.317518041164,-7176.79063290004,,,,,exploratory_completion_requested_after_initial_test_review
visit,constant_ate,1.0,1.0,2795749.0,2376531.0,419218.0,0.048632229076750945,0.03829749676779146,0.010334732308959482,28893.317518041164,0.009692640491515359,0.010976824126403606,28893.317518041164,0.0,28893.317518041164,0.0,,,,,exploratory_completion_requested_after_initial_test_review
visit,segment_uplift,0.05,0.050000196727245545,139788.0,120486.0,19302.0,0.1384891190677755,0.08869547197181639,0.04979364709595911,6960.5543402499325,0.045333786103861455,0.05425350808805677,1444.6658759020584,5515.888464347874,28893.317518041164,-968.6630047936796,,,,,exploratory_completion_requested_after_initial_test_review
visit,segment_uplift,0.1,0.1000000357685901,279575.0,240937.0,38638.0,0.13811494291038737,0.08649516020497955,0.05161978270540782,14431.60074986439,0.04849670272386813,0.05474286268694751,2889.3317518041167,11542.268998060274,28893.317518041164,317.89446461761145,13665.133850338365,15275.345042038496,-1207.406593259325,1505.3528301812487,exploratory_completion_requested_after_initial_test_review
visit,segment_uplift,0.2,0.2000000715371802,559150.0,479772.0,79378.0,0.10702166862593065,0.06920053415303988,0.037821134472890774,21147.687340516877,0.03585075984735441,0.03979150909842714,5778.663503608233,15369.023836908644,28893.317518041164,-494.6827209688745,20126.219367377333,22185.139450619256,-1938.319961547318,844.7131393542985,exploratory_completion_requested_after_initial_test_review
visit,segment_uplift,0.3,0.3000001073057703,838725.0,717768.0,120957.0,0.08646665775013654,0.05787180568301132,0.02859485206712522,23983.2172999996,0.027127088426580293,0.030062615707670146,8667.995255412348,15315.222044587252,28893.317518041164,-261.44995936474515,22822.488250421975,25280.40989143986,-1548.4891320445515,937.5962141128322,exploratory_completion_requested_after_initial_test_review
visit,segment_uplift,0.4,0.4000001430743604,1118300.0,955014.0,163286.0,0.07232145287922481,0.04923875898729836,0.02308269389192645,25813.37657934135,0.021911703310234176,0.024253684473618725,11557.327007216467,14256.049572124884,28893.317518041164,-357.15922360701006,,,,,exploratory_completion_requested_after_initial_test_review
visit,segment_uplift,0.5,0.5000001788429504,1397875.0,1192154.0,205721.0,0.06338358970401475,0.04405481209988285,0.019328777604131903,27019.214993375885,0.018339992902751633,0.020317562305512172,14446.658759020582,12572.556234355303,28893.317518041164,-608.4396248037119,,,,,exploratory_completion_requested_after_initial_test_review
visit,segment_uplift,0.75,0.7500000894214752,2096812.0,1783241.0,313571.0,0.060006471363096746,0.04687933514259928,0.013127136220497465,27525.13675277373,0.012309279229687229,0.013944993211307702,21669.988138530873,5855.1486142428585,28893.317518041164,-1201.5260794363785,,,,,exploratory_completion_requested_after_initial_test_review
visit,segment_uplift,1.0,1.0,2795749.0,2376531.0,419218.0,0.048632229076750945,0.03829749676779146,0.010334732308959482,28893.317518041164,0.009692640491515359,0.010976824126403606,28893.317518041164,0.0,28893.317518041164,0.0,,,,,exploratory_completion_requested_after_initial_test_review
