outcome_name,model_name,score_group,population_start_pct,population_end_pct,group_rows,treatment_rows,control_rows,treatment_rate,control_rate,observed_uplift,mean_predicted_score,incremental_outcomes,uplift_ci_lower,uplift_ci_upper
conversion,s_learner,1,0.0,10.0,279575,241516,38059,0.026983719505125955,0.018576420820305316,0.008407298684820638,0.0083785029381932,2350.47052980873,0.006904708029510554,0.009909889340130724
conversion,s_learner,2,10.0,20.0,279575,237365,42210,0.0019758599625050027,0.00144515517649846,0.0005307047860065427,0.0005339302651300455,148.3717905477792,0.00012666931446292823,0.0009347402575501573
conversion,s_learner,3,20.0,30.0,279575,237396,42179,0.0007582267603497953,0.0003556272078522488,0.0004025995524975465,0.00016603703096624824,112.55676988950155,0.0001913240448760831,0.0006138750601190099
conversion,s_learner,4,30.0,40.0,279575,236664,42911,0.0002704255822600818,0.00016312833539185756,0.00010729724686822425,6.7899885826169e-05,29.997627793183796,-3.050477511850293e-05,0.00024509926885495146
conversion,s_learner,5,40.0,50.0,279575,236954,42621,0.00019835073474176423,4.692522465451303e-05,0.0001514255100872512,3.514636849112187e-05,42.33478698264325,6.514576596824387e-05,0.00023770525420625853
conversion,s_learner,6,50.0,60.0,279575,236968,42607,0.00016879916275615273,0.00014082193066866948,2.7977232087483258e-05,2.0514286654512654e-05,7.821734660858132,-9.624304144355286e-05,0.00015219750561851938
conversion,s_learner,7,60.0,70.0,279575,237349,42226,8.005089551672853e-05,2.3682091602330316e-05,5.636880391439821e-05,1.4186545493210546e-05,15.75930835436788,-2.367102247653513e-06,0.00011510471007644994
conversion,s_learner,8,70.0,80.0,279575,237545,42030,3.7887558146877436e-05,4.758505829169641e-05,-9.697500144818971e-06,1.3253255860701922e-05,-2.711178602987764,-8.013647095182525e-05,6.07414706621873e-05
conversion,s_learner,9,80.0,90.0,279575,237292,42283,5.05706049930044e-05,7.095050020102642e-05,-2.037989520802202e-05,1.2697732443103768e-05,-5.6977092027827565,-0.00010560964144646314,6.484985103041908e-05
conversion,s_learner,10,90.0,100.0,279574,237482,42092,8.421690907100327e-05,7.127245082200893e-05,1.2944458248994337e-05,1.1790360536709886e-05,3.618933970504343,-7.574749455489404e-05,0.00010163641105288272
conversion,t_learner,1,0.0,10.0,279575,241632,37943,0.02492219573566415,0.01702553830746119,0.007896657428202957,0.009287607872015099,2207.7080004898417,0.006454192400551685,0.00933912245585423
conversion,t_learner,2,10.0,20.0,279575,237403,42172,0.0019039355020787436,0.0013041828701508109,0.0005997526319279328,0.0005885969285966594,167.6758420712518,0.00021323913218763876,0.0009862661316682269
conversion,t_learner,3,20.0,30.0,279575,236916,42659,0.000704891185061372,0.0004688342436531564,0.00023605694140821555,0.00015730756913687644,65.99561939420187,4.496453576389032e-06,0.0004676174292400421
conversion,t_learner,4,30.0,40.0,279575,236977,42598,0.00017301257084020811,9.390112211840932e-05,7.91114487217988e-05,5.350476868047378e-05,22.1175832763969,-2.7054638479308746e-05,0.00018527753592290634
conversion,t_learner,5,40.0,50.0,279575,237417,42158,9.266396256375912e-05,2.3720290336353717e-05,6.894367222740541e-05,3.8897342596483304e-05,19.274927162976866,8.441291534240755e-06,0.00012944605292057007
conversion,t_learner,6,50.0,60.0,279575,237389,42186,6.739992164759109e-05,2.3704546532024842e-05,4.369537511556625e-05,3.646030042965943e-05,12.216134497934434,-1.330538205549232e-05,0.00010069613228662482
conversion,t_learner,7,60.0,70.0,279575,237353,42222,0.00011796775267218026,9.47373407228459e-05,2.323041194933435e-05,3.2439908963037405e-05,6.494642420735151,-7.937391196458195e-05,0.00012583473586325067
conversion,t_learner,8,70.0,80.0,279575,237341,42234,0.00011376037010040405,0.0001183880286025477,-4.62765850214365e-06,2.8448673690045094e-05,-1.293777625736811,-0.00011691273784477846,0.00010765742084049116
conversion,t_learner,9,80.0,90.0,279575,237046,42529,0.00023202247665010168,9.40534693973524e-05,0.00013796900725274928,1.6778709200651277e-05,38.57268520268738,2.727204448578591e-05,0.0002486659700197127
conversion,t_learner,10,90.0,100.0,279574,237057,42517,0.002307461918441556,0.0015758402521344403,0.0007316216663071158,-0.0003687033187339267,204.5423957361456,0.00030799420126724616,0.0011552491313469855
conversion,x_learner,1,0.0,10.0,279575,241496,38079,0.02647248815715374,0.018304052102208566,0.008168436054945175,0.008782370246958762,2283.690510061297,0.006677568586392736,0.009659303523497613
conversion,x_learner,2,10.0,20.0,279575,237830,41745,0.0016566455030904428,0.0013175230566534915,0.0003391224464369513,0.0005521225167558645,94.81015796261066,-4.5319215025556596e-05,0.0007235641078994592
conversion,x_learner,3,20.0,30.0,279575,237110,42465,0.0007169668086542112,0.00044742729306487697,0.0002695395155893342,0.00023399658176662504,75.3565100708881,4.136343457277725e-05,0.0004977155966058911
conversion,x_learner,4,30.0,40.0,279575,236787,42788,0.0004434365062271155,0.00018696830887164625,0.00025646819735546925,0.00016997675744451145,71.70209627565531,0.0001016345241868965,0.000411301870524042
conversion,x_learner,5,40.0,50.0,279575,237080,42495,0.0002488611439176649,9.412872102600305e-05,0.00015473242289166186,8.786497515108707e-05,43.25931712993636,4.2752131491545395e-05,0.0002667127142917783
conversion,x_learner,6,50.0,60.0,279575,236383,43192,0.00013960394783042775,4.630487127245786e-05,9.329907655796989e-05,5.024237747394532e-05,26.084089328694432,1.3383430775854743e-05,0.00017321472234008503
conversion,x_learner,7,60.0,70.0,279575,237611,41964,5.471127178455543e-05,7.148984844152131e-05,-1.677857665696588e-05,4.657829964776127e-05,-4.690870568871236,-0.00010296621227745908,6.940905896352732e-05
conversion,x_learner,8,70.0,80.0,279575,237317,42258,0.00010955810161092547,0.0,0.00010955810161092547,4.624195412206819e-05,30.62970625787449,6.74484038983587e-05,0.00015166779932349224
conversion,x_learner,9,80.0,90.0,279575,237301,42274,3.371245801745462e-05,9.462080711548469e-05,-6.0908349098030066e-05,4.307375638745725e-05,-17.028451699081756,-0.00015652815922825232,3.471146103219219e-05
conversion,x_learner,10,90.0,100.0,279574,237616,41958,0.0007406908625681773,0.0003575003575003575,0.00038319050506781976,-0.00015432650756892356,107.13010226383064,0.00017180264527282165,0.0005945783648628178
conversion,response_propensity,1,0.0,10.0,279575,241247,38328,0.027196193113282238,0.018472135253600502,0.008724057859681736,0.026203039351434847,2439.028476120521,0.007227907980053352,0.010220207739310119
conversion,response_propensity,2,10.0,20.0,279575,237753,41822,0.0018506601388836312,0.0014107407584524891,0.0004399193804311421,0.001752000197788282,122.99046078403654,4.086573699777326e-05,0.0008389730238645109
conversion,response_propensity,3,20.0,30.0,279575,237274,42301,0.0007038276423038344,0.0004018817522044396,0.0003019458900993948,0.0006215896092068851,84.41652222453831,8.315800075915693e-05,0.0005207337794396327
conversion,response_propensity,4,30.0,40.0,279575,236860,42715,0.0002828675166765178,0.00011705489874751258,0.0001658126179290052,0.0002882528647769988,46.35706265750163,4.288129934807249e-05,0.0002887439365099379
conversion,response_propensity,5,40.0,50.0,279575,236827,42748,0.00017734464398062722,9.357162908206232e-05,8.37730148985649e-05,0.0001672090957081616,23.42084064026628,-2.245289384241288e-05,0.00018999892363954268
conversion,response_propensity,6,50.0,60.0,279575,236847,42728,0.00016044112866111878,9.361542782250516e-05,6.682570083861362e-05,0.0001068734213491887,18.682795311955402,-3.8138603328906725e-05,0.00017179000500613397
conversion,response_propensity,7,60.0,70.0,279575,237663,41912,7.573749384632863e-05,4.77190303493033e-05,2.801846349702533e-05,6.68304128080825e-05,7.833261932180856,-4.679853651800311e-05,0.00010283546351205376
conversion,response_propensity,8,70.0,80.0,279575,237429,42146,6.738856668730442e-05,7.118113225454372e-05,-3.792565567239302e-06,5.971732091492145e-05,-1.060306518460928,-9.084243474452292e-05,8.325730361004431e-05
conversion,response_propensity,9,80.0,90.0,279575,237245,42330,5.4795675356698774e-05,2.3623907394283014e-05,3.1171767962415763e-05,5.5906500914056426e-05,8.714847028092388,-2.388298117868258e-05,8.62265171035141e-05
conversion,response_propensity,10,90.0,100.0,279574,237386,42188,6.318822508488285e-05,9.481369109699441e-05,-3.162546601211156e-05,5.1040886143130173e-05,-8.841658034870077,-0.00012988521742437307,6.663428540014995e-05
conversion,constant_ate,1,0.0,10.0,279575,237900,41675,0.002959226565783943,0.0017036592681463707,0.0012555672976375721,0.0011450700694695115,351.02522723702424,0.0008034475596567347,0.0017076870356184095
conversion,constant_ate,2,10.0,20.0,279575,237683,41892,0.0030881468173996457,0.0019574143034469587,0.001130732513952687,0.0011450700694695115,316.12454258832247,0.0006522989973221549,0.001609166030583219
conversion,constant_ate,3,20.0,30.0,279575,237754,41821,0.003112460778788159,0.00205638315678726,0.001056077622000899,0.0011450700694695115,295.25290117090134,0.0005675772762782271,0.001544577967723571
conversion,constant_ate,4,30.0,40.0,279575,237754,41821,0.0030872246103114983,0.001936825996508931,0.0011503986138025673,0.0011450700694695115,321.6226924538528,0.0006736499127933405,0.001627147314811794
conversion,constant_ate,5,40.0,50.0,279575,237644,41931,0.003151773240645672,0.0017648040828980944,0.0013869691577475774,0.0011450700694695115,387.761902277279,0.0009263367788067212,0.0018476015366884336
conversion,constant_ate,6,50.0,60.0,279575,237354,42221,0.0031556240889136057,0.0018000521067715119,0.0013555719821420939,0.0011450700694695115,378.98403690737587,0.0008925458458142722,0.0018185981184699156
conversion,constant_ate,7,60.0,70.0,279575,237628,41947,0.0030846533236823944,0.002002526998355067,0.0010821263253273272,0.0011450700694695115,302.5354674033875,0.0005997010540910504,0.001564551596563604
conversion,constant_ate,8,70.0,80.0,279575,237948,41627,0.0031603543631381647,0.001993898191077906,0.0011664561720602586,0.0011450700694695115,326.1119843037468,0.0006822086934840168,0.0016507036506365003
conversion,constant_ate,9,80.0,90.0,279575,237607,41968,0.0031185949908883156,0.0019538696149447197,0.0011647253759435958,0.0011450700694695115,325.6280969794308,0.0006864407765332596,0.0016430099753539321
conversion,constant_ate,10,90.0,100.0,279574,237259,42315,0.0031231691948461386,0.0020796407893182087,0.00104352840552793,0.0011450700694695115,291.7434104470655,0.0005548449556509275,0.0015322118554049326
conversion,segment_uplift,1,0.0,10.0,279575,239684,39891,0.020802389813254118,0.01346168308641047,0.007340706726843648,0.00668131560087204,2052.278083157313,0.0060736778574757505,0.008607735596211547
conversion,segment_uplift,2,10.0,20.0,279575,238427,41148,0.007104900032295,0.004423058228832507,0.0026818418034624926,0.0025013956620134658,749.7759222030264,0.001957441265313196,0.003406242341611789
conversion,segment_uplift,3,20.0,30.0,279575,237328,42247,0.001525315175621924,0.001230856628873056,0.000294458546748868,0.0006474364027667636,82.32324820731478,-7.491090277964149e-05,0.0006638279962773775
conversion,segment_uplift,4,30.0,40.0,279575,236768,42807,0.0005955196648195702,0.00039713131029971735,0.0001983883545198529,0.00022737158749060887,55.46442421488788,-1.4403382092841922e-05,0.0004111800911325477
conversion,segment_uplift,5,40.0,50.0,279575,236945,42630,0.0002954272088459347,0.0001172882946281961,0.00017813891421773862,0.0001028726927154888,49.803186942424276,5.42196519084496e-05,0.0003020581765270276
conversion,segment_uplift,6,50.0,60.0,279575,237632,41943,0.00011782924858604902,0.00014305128388527287,-2.5222035299223854e-05,3.660872971522622e-05,-7.051450518780509,-0.00014771449834086875,9.727042774242105e-05
conversion,segment_uplift,7,60.0,70.0,279575,237574,42001,7.997508144830663e-05,2.3808956929596913e-05,5.616612451870972e-05,3.660872971522622e-05,15.70264426231827,-2.7456560503370635e-06,0.0001150779050877565
conversion,segment_uplift,8,70.0,80.0,279575,237324,42251,7.163203047310849e-05,7.10042365861163e-05,6.277938869921892e-07,3.660872971522622e-05,0.1755154759558413,-8.66340894285893e-05,8.788967720257368e-05
conversion,segment_uplift,9,80.0,90.0,279575,237877,41698,0.00015554257031995527,4.7963931123794903e-05,0.00010757863919616036,3.660872971522622e-05,30.076298053266534,2.4332284139221236e-05,0.00019082499425309948
conversion,segment_uplift,10,90.0,100.0,279574,236972,42602,9.705788025589521e-05,4.694615276278109e-05,5.011172749311412e-05,3.660872971522622e-05,14.009936102159887,-2.6086632344854106e-05,0.00012631008733108234
